{
  "means": {
    "s_sleep_quality": 5.506915832152799,
    "s_circadian": 5.503344127003348,
    "s_prosocial": 5.505368976623073,
    "s_purpose": 5.4856073483239305
  },
  "stds": {
    "s_sleep_quality": 1.4471318759996281,
    "s_circadian": 1.9631078119534409,
    "s_prosocial": 1.9633286031996435,
    "s_purpose": 1.9812731749223564
  }
}