{
  "ridge": {
    "MAE": 0.2351129311910073,
    "RMSE": 0.29574748106033827,
    "R2": 0.9277388794530648
  },
  "mlp": {
    "MAE": 0.2480789660875108,
    "RMSE": 0.3113875796565369,
    "R2": 0.9198939799783777
  },
  "xgb": {
    "MAE": 0.2501210995385967,
    "RMSE": 0.31358211983592293,
    "R2": 0.9187608882173314
  },
  "stacking": {
    "MAE": 0.2362964122362419,
    "RMSE": 0.2971188199503909,
    "R2": 0.9270671967865862
  }
}